Date,Danone,Carrefour,NestlÃ©
2020-03-12,44.494754791259766,10.516993522644043,79.0055923461914
2020-03-13,45.218116760253906,11.118574142456055,78.89163970947266
2020-03-16,45.38633346557617,10.98204517364502,78.89163970947266
2020-03-17,48.885353088378906,12.253470420837402,82.24891662597656
2020-03-18,50.29841995239258,12.300402641296387,82.59954833984375
2020-03-19,51.37504577636719,12.326001167297363,87.48206329345703
2020-03-20,49.40684509277344,11.70308780670166,85.88670349121094
2020-03-23,46.967620849609375,11.558027267456055,80.62725067138672
2020-03-24,46.19380187988281,12.146806716918945,82.58201599121094
2020-03-25,47.20313262939453,11.924947738647461,84.68578338623047
2020-03-26,49.25544357299805,12.590527534484863,86.51783752441406
2020-03-27,46.866695404052734,12.155340194702148,85.4133529663086
2020-03-30,48.04424285888672,12.12547492980957,87.48206329345703
2020-03-31,49.322731018066406,12.300402641296387,87.17525482177734
2020-04-01,47.57322692871094,12.151073455810547,87.51712036132812
2020-04-02,47.775089263916016,12.138274192810059,88.60407257080078
2020-04-03,47.53957748413086,12.876383781433105,89.7260971069336
2020-04-06,49.238624572753906,12.948915481567383,91.12860870361328
2020-04-07,49.12086868286133,12.505195617675781,91.07601165771484
2020-04-08,47.94331359863281,12.53506088256836,91.3389892578125
2020-04-09,49.28908920288086,12.134008407592773,89.60337829589844
2020-04-14,51.52644348144531,12.372933387756348,90.69031524658203
2020-04-15,52.14886474609375,12.031612396240234,90.53253936767578
2020-04-16,52.18251037597656,11.873749732971191,91.67208862304688
2020-04-17,53.5114631652832,11.94201374053955,92.9518814086914
2020-04-20,54.335750579833984,12.04440975189209,94.98553466796875
2020-04-21,52.85540008544922,11.622023582458496,91.77726745605469
2020-04-22,52.48530960083008,11.767086029052734,93.09212493896484
2020-04-23,52.09839630126953,11.421497344970703,91.77726745605469
2020-04-24,52.569419860839844,11.366032600402832,93.4076919555664
2020-04-27,53.898380279541016,11.319100379943848,93.7134780883789
2020-04-28,52.45166778564453,11.430030822753906,93.62354278564453
2020-04-29,52.60306930541992,11.856683731079102,92.61626434326172
2020-04-30,53.20866394042969,11.515360832214355,91.64495086669922
2020-05-04,51.72831344604492,11.208170890808105,89.7652816772461
2020-05-05,51.71148681640625,11.33616828918457,91.572998046875
2020-05-06,51.72831344604492,11.024709701538086,92.43639373779297
2020-05-07,52.956329345703125,11.36176586151123,93.33574676513672
2020-05-08,53.88154983520508,11.344700813293457,94.43296813964844
2020-05-11,53.898380279541016,11.314833641052246,94.95459747314453
2020-05-12,53.00679397583008,11.263636589050293,95.49421691894531
2020-05-13,52.45166778564453,10.994844436645508,94.7567367553711
2020-05-14,50.83673095703125,10.92231273651123,92.7601547241211
2020-05-15,51.02177429199219,10.888181686401367,93.4256820678711
2020-05-18,53.0740852355957,10.896714210510254,94.50492095947266
2020-05-19,51.997467041015625,10.636456489562988,94.82868957519531
2020-05-20,52.24979782104492,10.67485523223877,94.36101531982422
2020-05-21,51.52644348144531,10.93084716796875,
2020-05-22,51.45915985107422,11.267901420593262,92.5982666015625
2020-05-25,51.91335678100586,11.242303848266602,93.3717269897461
2020-05-26,51.76195526123047,11.084441184997559,92.25652313232422
2020-05-27,51.72831344604492,11.4556303024292,91.1233139038086
2020-05-28,52.31708526611328,11.391632080078125,92.49034881591797
2020-05-29,51.77878189086914,11.65188980102539,93.40769958496094
2020-06-01,52.06475830078125,11.878015518188477,
2020-06-02,52.24979782104492,11.873749732971191,92.56229400634766
2020-06-03,52.41801834106445,12.364398956298828,93.40769958496094
2020-06-04,52.70399856567383,12.39853286743164,92.41840362548828
2020-06-05,53.4105339050293,12.6843900680542,92.27450561523438
2020-06-08,53.96567153930664,12.645387649536133,93.11990356445312
2020-06-09,53.847904205322266,12.52838134765625,94.7567367553711
2020-06-10,53.4946403503418,12.52838134765625,94.66680145263672
2020-06-11,52.03110885620117,12.108023643493652,93.08393096923828
2020-06-12,51.50962448120117,12.168693542480469,92.45437622070312
2020-06-15,51.2236442565918,12.030019760131836,92.7601547241211
2020-06-16,53.17502212524414,12.307369232177734,94.09121704101562
2020-06-17,53.27595138549805,12.372371673583984,97.0591049194336
2020-06-18,53.4273567199707,12.073354721069336,96.08778381347656
2020-06-19,55.2441520690918,12.225030899047852,96.6813735961914
2020-06-22,53.5114631652832,12.589051246643066,95.85395812988281
2020-06-23,54.251644134521484,12.844732284545898,95.78201293945312
2020-06-24,53.309600830078125,12.402708053588867,94.235107421875
2020-06-25,53.27595138549805,12.372371673583984,94.64881896972656
2020-06-26,53.36006546020508,12.086356163024902,94.46894836425781
2020-06-29,52.232975006103516,12.043020248413086,94.36101531982422
2020-06-30,51.77878189086914,11.921680450439453,94.19913482666016
2020-07-01,51.20682144165039,11.683332443237305,94.66680145263672
2020-07-02,52.569419860839844,12.00835132598877,95.11648559570312
2020-07-03,51.997467041015625,11.752670288085938,94.5408935546875
2020-07-06,51.77878189086914,11.770004272460938,95.3143539428711
2020-07-07,51.52644348144531,11.84367561340332,94.66680145263672
2020-07-08,51.055419921875,11.735336303710938,95.3143539428711
2020-07-09,50.26477813720703,11.475320816040039,94.95459747314453
2020-07-10,51.00495910644531,11.674665451049805,96.37559509277344
2020-07-13,51.6778450012207,11.83934211730957,96.6813735961914
2020-07-14,52.23520278930664,12.190361976623535,96.08778381347656
2020-07-15,52.722896575927734,12.099357604980469,97.90451049804688
2020-07-16,52.461631774902344,12.147026062011719,97.54476165771484
2020-07-17,52.3397102355957,11.969348907470703,97.79658508300781
2020-07-20,52.91448974609375,11.99101734161377,97.63469696044922
2020-07-21,52.98415756225586,11.943347930908203,97.45482635498047
2020-07-22,52.322296142578125,11.852341651916504,98.42613983154297
2020-07-23,53.106082916259766,11.670331954956055,100.08096313476562
2020-07-24,52.89707565307617,11.744003295898438,98.46211242675781
2020-07-27,52.11328125,11.37131404876709,99.36148071289062
2020-07-28,52.04361343383789,11.804673194885254,99.50537109375
2020-07-29,52.47904586791992,11.908679008483887,99.54135131835938
2020-07-30,49.657405853271484,11.522991180419922,98.85783386230469
2020-07-31,49.2393913269043,11.700667381286621,97.22099304199219
2020-08-03,49.48323440551758,11.657331466674805,98.3182144165039
2020-08-04,48.92586898803711,11.748336791992188,98.17431640625
2020-08-05,48.82136535644531,11.856677055358887,96.96916961669922
2020-08-06,48.40334701538086,11.735336303710938,96.59143829345703
2020-08-07,47.532470703125,11.605329513549805,96.84326171875
2020-08-10,47.72406005859375,11.609662055969238,97.04112243652344
2020-08-11,48.40334701538086,11.809006690979004,97.2030029296875
2020-08-12,49.03037643432617,12.155693054199219,98.04840850830078
2020-08-13,49.2393913269043,12.00835132598877,98.10237121582031
2020-08-14,48.873619079589844,11.917346000671387,97.76060485839844
2020-08-17,49.1871337890625,11.856677055358887,98.19230651855469
2020-08-18,49.16971969604492,11.696332931518555,98.01243591308594
2020-08-19,49.378726959228516,11.678998947143555,99.70323181152344
2020-08-20,48.803951263427734,11.405982971191406,98.91179656982422
2020-08-21,48.71685791015625,11.462320327758789,98.92977142333984
2020-08-24,49.047794342041016,11.635663986206055,99.59530639648438
2020-08-25,49.03037643432617,11.639997482299805,98.6779556274414
2020-08-26,48.978126525878906,11.678998947143555,99.43341827392578
2020-08-27,48.978126525878906,11.652997016906738,99.09166717529297
2020-08-28,48.08982849121094,11.652997016906738,97.90451049804688
2020-08-31,47.98531723022461,11.665998458862305,97.63469696044922
2020-09-01,47.4802131652832,11.644330978393555,97.7066421508789
2020-09-02,48.473018646240234,11.744003295898438,98.96575164794922
2020-09-03,49.36131286621094,12.047353744506836,98.33619689941406
2020-09-04,48.92586898803711,12.4070405960083,97.41885375976562
2020-09-07,49.44839859008789,12.37670612335205,97.77859497070312
2020-09-08,49.13488006591797,12.454710006713867,97.3648910522461
2020-09-09,50.145103454589844,12.792729377746582,98.94776916503906
2020-09-10,49.639991760253906,12.775394439697266,98.6419906616211
2020-09-11,49.9012565612793,12.658387184143066,98.91179656982422
2020-09-14,49.93608856201172,12.593384742736816,98.65995788574219
2020-09-15,50.145103454589844,12.190361976623535,98.60601043701172
2020-09-16,50.59794998168945,12.229363441467285,99.16361999511719
2020-09-17,50.24960708618164,11.986682891845703,98.3901596069336
2020-09-18,49.93608856201172,11.639997482299805,97.5087890625
2020-09-21,48.31625747680664,11.561992645263672,97.5087890625
2020-09-22,47.8634033203125,11.82200813293457,98.21028137207031
2020-09-23,47.793731689453125,11.913012504577637,98.0843734741211
2020-09-24,47.37571334838867,11.926013946533203,97.32891082763672
2020-09-25,47.51504898071289,11.869675636291504,98.71393585205078
2020-09-28,48.473018646240234,12.112358093261719,98.82185363769531
2020-09-29,47.9679069519043,11.88701057434082,98.65995788574219
2020-09-30,48.08982849121094,11.84367561340332,98.33619689941406
2020-10-01,48.124664306640625,11.878344535827637,99.0556869506836
2020-10-02,47.95049285888672,11.691999435424805,99.23556518554688
2020-10-05,48.124664306640625,11.718002319335938,98.7499008178711
2020-10-06,48.02016067504883,11.752670288085938,97.2929458618164
2020-10-07,47.549888610839844,11.648663520812988,96.86124420166016
2020-10-08,47.89823532104492,11.770004272460938,97.3648910522461
2020-10-09,48.36851119995117,12.025686264038086,97.72463989257812
2020-10-12,48.525272369384766,12.00401782989502,98.48009490966797
2020-10-13,47.89823532104492,11.978015899658203,98.57003021240234
2020-10-14,48.33367919921875,12.138359069824219,97.6526870727539
2020-10-15,48.072410583496094,12.155693054199219,96.231689453125
2020-10-16,46.417747497558594,12.181694984436035,97.0051498413086
2020-10-19,46.539669036865234,12.147026062011719,96.48351287841797
2020-10-20,45.337860107421875,12.177360534667969,96.60942077636719
2020-10-21,44.066375732421875,12.069022178649902,95.81798553466797
2020-10-22,43.83995056152344,11.830674171447754,95.62012481689453
2020-10-23,44.51923370361328,12.00401782989502,95.83597564697266
2020-10-26,44.014129638671875,12.051687240600586,96.0338363647461
2020-10-27,42.768775939941406,11.796006202697754,95.24240112304688
2020-10-28,40.82671356201172,11.783004760742188,93.0479507446289
2020-10-29,40.78316879272461,11.544657707214355,92.72418212890625
2020-10-30,41.279571533203125,11.579326629638672,92.72418212890625
2020-11-02,41.6279182434082,11.718002319335938,93.98329162597656
2020-11-03,43.0822868347168,11.609662055969238,95.74604034423828
2020-11-04,43.613525390625,11.687665939331055,97.54476165771484
2020-11-05,43.80511474609375,11.761337280273438,96.37559509277344
2020-11-06,43.23904800415039,11.622663497924805,95.78201293945312
2020-11-09,45.91263961791992,12.272699356079102,94.8466796875
2020-11-10,47.079612731933594,12.203363418579102,93.94731140136719
2020-11-11,47.549888610839844,12.42004108428955,95.6021499633789
2020-11-12,47.18411636352539,12.346369743347168,95.38629150390625
2020-11-13,47.35829544067383,12.428709030151367,95.38629150390625
2020-11-16,47.741477966308594,12.454710006713867,94.50492095947266
2020-11-17,47.41054153442383,12.74072551727295,94.900634765625
2020-11-18,47.549888610839844,12.50238037109375,94.3969955444336
2020-11-19,46.069393157958984,12.251031875610352,93.64153289794922
2020-11-20,45.721046447753906,11.978015899658203,93.24581146240234
2020-11-23,44.275386810302734,11.713667869567871,91.24922180175781
2020-11-24,44.97209167480469,11.757003784179688,91.53703308105469
2020-11-25,45.47719955444336,12.034353256225586,91.6809310913086
2020-11-26,46.03456115722656,11.809006690979004,92.07664489746094
2020-11-27,45.96488952636719,11.917346000671387,92.00469207763672
2020-11-30,46.90543746948242,11.900012969970703,90.99740600585938
2020-12-01,45.999725341796875,11.917346000671387,90.3318862915039
2020-12-02,45.459781646728516,11.783004760742188,89.95415496826172
2020-12-03,44.69341278076172,11.735336303710938,89.31560516357422
2020-12-04,44.91984176635742,11.700667381286621,89.03679656982422
2020-12-07,45.128849029541016,11.835007667541504,89.16271209716797
2020-12-08,45.459781646728516,11.861010551452637,89.38755798339844
2020-12-09,45.19852066040039,12.051687240600586,89.95415496826172
2020-12-10,45.61654281616211,12.047353744506836,89.84622192382812
2020-12-11,45.651371002197266,11.943347930908203,90.4937744140625
2020-12-14,45.68621063232422,11.917346000671387,89.66635131835938
2020-12-15,45.721046447753906,11.705001831054688,89.59441375732422
2020-12-16,47.13186264038086,11.757003784179688,90.45779418945312
2020-12-17,47.00994110107422,11.835007667541504,91.3571548461914
2020-12-18,47.0970344543457,11.752670288085938,92.00469207763672
2020-12-21,45.56428146362305,11.553325653076172,90.25993347167969
2020-12-22,46.69642639160156,11.696332931518555,91.572998046875
2020-12-23,46.85318374633789,11.830674171447754,91.0513687133789
2020-12-24,46.713844299316406,11.82200813293457,
2020-12-28,47.44538116455078,12.238030433654785,93.1558837890625
2020-12-29,47.49763488769531,12.433042526245117,94.0732192993164
2020-12-30,47.23637008666992,12.346369743347168,93.76744079589844
2020-12-31,46.81835174560547,12.160026550292969,
2021-01-04,47.37571334838867,12.558714866638184,93.94731140136719
2021-01-05,47.549888610839844,13.009408950805664,93.22782897949219
2021-01-06,47.9679069519043,13.295425415039062,91.98670959472656
2021-01-07,47.21895217895508,13.364762306213379,91.84280395507812
2021-01-08,46.17390060424805,13.20875358581543,91.15929412841797
2021-01-11,45.877803802490234,13.282423973083496,90.47577667236328
2021-01-12,45.80813217163086,13.403764724731445,90.25993347167969
2021-01-13,46.748680114746094,15.202201843261719,90.241943359375
2021-01-14,46.086814880371094,14.820845603942871,90.3318862915039
2021-01-15,46.69642639160156,14.39615535736084,90.72760009765625
2021-01-18,47.654396057128906,13.399431228637695,91.0693588256836
2021-01-19,48.92586898803711,13.000741004943848,90.47577667236328
2021-01-20,48.14208221435547,12.927070617675781,90.67363739013672
2021-01-21,47.9679069519043,13.065744400024414,90.25993347167969
2021-01-22,47.51504898071289,12.753726959228516,90.85350799560547
2021-01-25,47.6369743347168,12.849065780639648,91.55501556396484
2021-01-26,48.22917175292969,12.7103910446167,92.95801544189453
2021-01-27,48.072410583496094,12.50238037109375,93.3717269897461
2021-01-28,48.14208221435547,12.424375534057617,92.4004135131836
2021-01-29,47.8634033203125,12.125357627868652,89.97213745117188
2021-02-01,48.42076110839844,12.220698356628418,92.04066467285156
2021-02-02,47.61955642700195,12.368038177490234,92.20255279541016
2021-02-03,47.2537841796875,12.242364883422852,91.91474914550781
2021-02-04,47.11444854736328,12.281367301940918,91.7348861694336
2021-02-05,46.45258331298828,12.550048828125,90.1520004272461
2021-02-08,46.29581832885742,12.454710006713867,89.30661010742188
2021-02-09,46.55708694458008,12.619385719299316,89.2706298828125
2021-02-10,46.470001220703125,12.632387161254883,90.11603546142578
2021-02-11,47.49763488769531,12.558714866638184,90.56571197509766
2021-02-12,46.95768737792969,12.519713401794434,90.58370208740234
2021-02-15,48.10725021362305,12.762394905090332,90.7096176147461
2021-02-16,47.671810150146484,12.69739055633545,90.20597839355469
2021-02-17,48.66461181640625,12.758060455322266,90.25993347167969
2021-02-18,48.40334701538086,12.68005657196045,89.25263977050781
2021-02-19,49.48323440551758,13.044076919555664,88.32630920410156
2021-02-22,50.00575637817383,12.914069175720215,88.3353042602539
2021-02-23,50.179935455322266,12.762394905090332,86.96826171875
2021-02-24,50.476036071777344,12.623719215393066,87.01323699951172
2021-02-25,50.94630813598633,12.749393463134766,86.5185775756836
2021-02-26,49.16971969604492,12.519713401794434,85.43936157226562
2021-03-01,49.849002838134766,12.437376022338867,87.17511749267578
2021-03-02,48.873619079589844,12.337702751159668,87.9395751953125
2021-03-03,48.17691421508789,12.359371185302734,87.20210266113281
2021-03-04,48.89103698730469,12.42004108428955,88.58711242675781
2021-03-05,49.36131286621094,12.37670612335205,88.65007781982422
2021-03-08,49.69224548339844,12.402708053588867,89.3605728149414
2021-03-09,49.30905532836914,12.476378440856934,90.27791595458984
2021-03-10,50.267024993896484,12.645387649536133,90.4397964477539
2021-03-11,49.91867446899414,12.394041061401367,90.34986877441406
2021-03-12,50.61537170410156,12.654054641723633,89.9361572265625
2021-03-15,52.07844543457031,12.615053176879883,90.25993347167969
2021-03-16,52.00877380371094,12.632387161254883,90.97942352294922
2021-03-17,52.11328125,12.5067138671875,91.17727661132812
2021-03-18,51.27724075317383,12.775394439697266,91.39312744140625
2021-03-19,51.399166107177734,12.797062873840332,92.45437622070312
2021-03-22,51.38174819946289,12.654054641723633,92.43639373779297
2021-03-23,51.590763092041016,12.784062385559082,93.9653091430664
2021-03-24,50.77212905883789,13.078746795654297,93.58757019042969
2021-03-25,50.928890228271484,13.239087104797363,93.98329162597656
2021-03-26,51.03339385986328,13.239087104797363,93.65951538085938
2021-03-29,51.46883010864258,13.295425415039062,94.63082885742188
2021-03-30,51.20756912231445,13.299758911132812,95.27836608886719
2021-03-31,50.94630813598633,13.386429786682129,94.7387466430664
2021-04-01,50.70246124267578,13.21742057800293,94.900634765625
2021-04-06,51.13790512084961,13.165417671203613,95.58415222167969
2021-04-07,51.93910598754883,13.260756492614746,96.231689453125
2021-04-08,52.33100509643555,13.13508129119873,97.3648910522461
2021-04-09,51.89556121826172,12.896735191345215,97.85054016113281
2021-04-12,51.84331130981445,12.970407485961914,97.40086364746094
2021-04-13,51.7039680480957,12.914069175720215,96.93319702148438
2021-04-14,51.21628189086914,12.961738586425781,96.51948547363281
2021-04-15,51.53850173950195,12.996407508850098,97.02313232421875
2021-04-16,51.87814712524414,13.122081756591797,97.76060485839844
2021-04-19,52.54872131347656,13.321425437927246,98.24964904785156
2021-04-20,51.59946823120117,13.08307933807373,97.76983642578125
2021-04-21,51.19015121459961,13.74178409576416,98.67408752441406
2021-04-22,51.973941802978516,13.711447715759277,101.51602172851562
2021-04-23,51.242401123046875,13.659446716308594,101.16539764404297
2021-04-26,50.650211334228516,13.694114685058594,100.15042114257812
2021-04-27,50.42378234863281,13.837122917175293,99.76287841796875
2021-04-28,50.7111701965332,13.828455924987793,100.0027847290039
2021-04-29,51.49496078491211,13.863123893737793,100.72249603271484
2021-04-30,51.05951690673828,13.958462715148926,100.46414184570312
2021-05-03,51.77363967895508,14.019132614135742,100.75939178466797
2021-05-04,51.399166107177734,13.90212631225586,99.61524963378906
2021-05-05,51.477542877197266,14.088469505310059,100.3165054321289
2021-05-06,51.37303924560547,14.348484992980957,100.48258972167969
2021-05-07,51.521080017089844,14.318148612976074,100.68559265136719
2021-05-10,51.84523391723633,14.569497108459473,100.57485961914062
2021-05-11,50.40458679199219,14.352818489074707,99.87361145019531
2021-05-12,51.10689926147461,14.634500503540039,100.0396957397461
2021-05-13,51.953277587890625,14.682170867919922,
2021-05-14,51.81822204589844,14.777508735656738,100.42723083496094
2021-05-17,52.484519958496094,14.981186866760254,101.14694213867188
2021-05-18,52.2684211730957,15.024523735046387,100.96239471435547
2021-05-19,52.52053451538086,15.024523735046387,100.88858032226562
2021-05-20,53.92516326904297,15.00285530090332,101.903564453125
2021-05-21,54.50142288208008,14.851180076599121,101.99583435058594
2021-05-24,54.49241638183594,14.911849975585938,
2021-05-25,54.330345153808594,14.755841255187988,102.99235534667969
2021-05-26,53.339900970458984,14.59976577758789,103.13997650146484
2021-05-27,52.44850158691406,14.800434112548828,102.05118560791016
2021-05-28,52.63758850097656,14.89408016204834,102.53099822998047
2021-05-31,52.49352264404297,14.91191577911377,102.1434555053711
2021-06-01,52.42149353027344,15.050154685974121,102.21727752685547
2021-06-02,52.54754638671875,15.045696258544922,102.90007781982422
2021-06-03,52.64659118652344,15.393523216247559,103.17688751220703
2021-06-04,52.99775314331055,15.451494216918945,104.17340850830078
2021-06-07,53.006752014160156,15.496087074279785,104.09959411621094
2021-06-08,53.420936584472656,15.531761169433594,104.634765625
2021-06-09,52.952728271484375,15.295415878295898,105.11457061767578
2021-06-10,53.1688232421875,15.32663345336914,104.948486328125
2021-06-11,53.45695114135742,15.273120880126953,105.02230072021484
2021-06-14,53.55599594116211,15.335551261901855,105.02230072021484
2021-06-15,53.393924713134766,15.250823974609375,105.74201202392578
2021-06-16,53.42994689941406,15.050154685974121,105.88964080810547
2021-06-17,53.29487991333008,15.166097640991211,106.53553771972656
2021-06-18,52.72762680053711,15.032317161560059,106.57244873046875
2021-06-21,51.55710220336914,15.219609260559082,107.21834564208984
2021-06-22,51.322998046875,15.224069595336914,107.25524139404297
2021-06-23,51.322998046875,15.117045402526855,106.72007751464844
2021-06-24,51.39503479003906,15.228528022766113,107.03379821777344
2021-06-25,52.106346130371094,15.125962257385254,106.9415283203125
2021-06-28,53.24985885620117,14.916377067565918,107.14452362060547
2021-06-29,53.519981384277344,14.72016716003418,107.31061553955078
2021-06-30,53.45695114135742,14.79151439666748,106.3140869140625
2021-07-01,54.29432678222656,14.943132400512695,106.62779998779297
2021-07-02,54.21329116821289,15.063532829284668,106.68316650390625
2021-07-05,54.024208068847656,15.192852020263672,106.24027252197266
2021-07-06,54.393375396728516,15.228528022766113,106.1849136352539
2021-07-07,54.47441101074219,15.250823974609375,107.49515533447266
2021-07-08,53.375919342041016,14.52841854095459,106.53553771972656
2021-07-09,53.537986755371094,14.581928253173828,106.2956314086914
2021-07-12,53.736080169677734,14.519498825073242,106.8492660522461
2021-07-13,53.7720947265625,14.537335395812988,106.9230728149414
2021-07-14,53.727073669433594,14.452609062194824,106.53553771972656
2021-07-15,52.979740142822266,14.399096488952637,105.94499969482422
2021-07-16,53.27687454223633,14.4838228225708,106.79389953613281
2021-07-19,52.63758850097656,14.073567390441895,106.6093521118164
2021-07-20,52.6826057434082,13.9799222946167,107.34751892089844
2021-07-21,53.09679412841797,14.011137008666992,107.07070922851562
2021-07-22,51.98029327392578,14.060190200805664,105.3729248046875
2021-07-23,52.39447784423828,14.220725059509277,106.68316650390625
2021-07-26,52.24140930175781,14.1984281539917,105.48365020751953
2021-07-27,51.50307846069336,14.15383529663086,105.6681900024414
2021-07-28,51.47606658935547,14.113700866699219,105.29911041259766
2021-07-29,54.798553466796875,14.519498825073242,104.91156768798828
2021-07-30,55.8790397644043,13.966545104980469,105.92655181884766
2021-08-02,56.97753143310547,14.327749252319336,105.9819107055664
2021-08-03,57.29267501831055,14.573010444641113,105.28065490722656
2021-08-04,56.52732849121094,14.506119728088379,104.78238677978516
2021-08-05,56.72542190551758,14.51503849029541,104.3025894165039
2021-08-06,56.45529556274414,14.608683586120605,104.15496063232422
2021-08-09,56.45529556274414,14.684493064880371,104.9300308227539
2021-08-10,56.995540618896484,14.77367877960205,105.0407485961914
2021-08-11,57.33769226074219,15.139342308044434,105.09610748291016
2021-08-12,57.62582015991211,15.11258602142334,104.81929779052734
2021-08-13,58.05801773071289,15.15717887878418,105.68665313720703
2021-08-16,58.52622604370117,15.317712783813477,105.77891540527344
2021-08-17,58.40017318725586,15.37122631072998,107.365966796875
2021-08-18,57.598812103271484,15.224069595336914,107.16297912597656
2021-08-19,57.463748931884766,15.286498069763184,107.19988250732422
2021-08-20,57.26565933227539,15.420278549194336,107.42132568359375
2021-08-23,57.175621032714844,15.420278549194336,107.2367935180664
2021-08-24,56.81545639038086,15.219609260559082,106.99687957763672
2021-08-25,56.140159606933594,15.045696258544922,106.14800262451172
2021-08-26,55.95106887817383,15.027859687805176,106.62779998779297
2021-08-27,55.969078063964844,15.0724515914917,107.365966796875
2021-08-30,55.798004150390625,15.08137035369873,107.93804931640625
2021-08-31,55.70796585083008,15.027859687805176,106.79389953613281
2021-09-01,55.6539421081543,14.202887535095215,106.9230728149414
2021-09-02,55.02365493774414,14.167213439941406,106.59089660644531
2021-09-03,55.383811950683594,13.850602149963379,106.3140869140625
2021-09-06,55.608917236328125,14.109241485595703,106.81234741210938
2021-09-07,54.22229766845703,13.94424819946289,106.70162963867188
2021-09-08,53.66404724121094,14.024516105651855,105.94499969482422
2021-09-09,54.123252868652344,13.846142768859863,105.94499969482422
2021-09-10,53.59201431274414,13.600881576538086,106.07418060302734
2021-09-13,53.87114334106445,13.533992767333984,106.16645050048828
2021-09-14,54.1142463684082,13.413590431213379,105.7051010131836
2021-09-15,53.50197219848633,13.49831771850586,104.80085754394531
2021-09-16,53.628028869628906,13.266433715820312,105.40983581542969
2021-09-17,53.41193389892578,13.11927604675293,105.53901672363281
2021-09-20,53.04276657104492,13.065764427185059,104.98538970947266
2021-09-21,53.601016998291016,13.186165809631348,105.77891540527344
2021-09-22,53.90715408325195,13.471561431884766,105.90809631347656
2021-09-23,53.75408935546875,13.698986053466797,106.1295394897461
2021-09-24,53.49296951293945,13.85952091217041,104.67167663574219
2021-09-27,53.375919342041016,13.872899055480957,102.88162231445312
2021-09-28,52.817665100097656,14.25193977355957,101.46066284179688
2021-09-29,53.44795227050781,14.247481346130371,103.76741790771484
2021-09-30,53.1688232421875,13.863981246948242,103.98886108398438
2021-10-01,52.322444915771484,13.694525718688965,103.0846176147461
2021-10-04,52.30443572998047,13.91749095916748,103.34297180175781
2021-10-05,52.007301330566406,14.118160247802734,103.49060821533203
2021-10-06,51.8092155456543,14.25193977355957,103.49060821533203
2021-10-07,52.1513671875,14.211806297302246,104.09959411621094
2021-10-08,51.22395324707031,14.29653263092041,103.76741790771484
2021-10-11,50.98984909057617,13.881816864013672,103.45370483398438
2021-10-12,50.881797790527344,13.698986053466797,103.89659881591797
2021-10-13,51.530094146728516,13.583043098449707,104.56094360351562
2021-10-14,52.33144760131836,13.68114948272705,105.57592010498047
2021-10-15,51.8092155456543,13.81938648223877,105.94499969482422
2021-10-18,51.62013626098633,13.583043098449707,106.11109924316406
2021-10-19,50.07143783569336,13.37791633605957,104.22876739501953
2021-10-20,50.953834533691406,13.395753860473633,106.99687957763672
2021-10-21,50.62068176269531,13.623176574707031,107.84577178955078
2021-10-22,50.53964614868164,13.6097993850708,108.0118637084961
2021-10-25,50.60267639160156,13.690067291259766,107.77196502685547
2021-10-26,50.62068176269531,13.81938648223877,108.38094329833984
2021-10-27,50.296539306640625,13.84168529510498,108.87921142578125
2021-10-28,50.45861053466797,13.850602149963379,110.65080261230469
2021-10-29,50.737735748291016,13.962084770202637,111.48123168945312
2021-11-01,51.277976989746094,14.042352676391602,111.09370422363281
2021-11-02,51.530094146728516,13.828306198120117,111.27823638916016
2021-11-03,51.5841178894043,13.832765579223633,112.95755767822266
2021-11-04,51.55710220336914,13.698986053466797,113.80644989013672
2021-11-05,51.63813781738281,13.761417388916016,113.65882110595703
2021-11-08,51.00785827636719,13.694525718688965,112.75456237792969
2021-11-09,51.55710220336914,14.086945533752441,113.4558334350586
2021-11-10,52.169376373291016,14.581928253173828,113.91717529296875
2021-11-11,52.06132888793945,14.630982398986816,113.80644989013672
2021-11-12,51.87224578857422,14.376800537109375,114.10172271728516
2021-11-15,51.899253845214844,14.492742538452148,113.58500671386719
2021-11-16,50.96283721923828,14.202887535095215,114.02790069580078
2021-11-17,51.097900390625,14.309910774230957,113.91717529296875
2021-11-18,50.98984909057617,14.095864295959473,113.62191009521484
2021-11-19,50.59366989135742,14.15383529663086,113.27128601074219
2021-11-22,50.719730377197266,14.332207679748535,113.14210510253906
2021-11-23,51.124908447265625,14.305452346801758,112.60694122314453
2021-11-24,50.575660705566406,14.082486152648926,112.12712860107422
2021-11-25,50.50362777709961,13.98884105682373,112.60694122314453
2021-11-26,48.918922424316406,13.80155086517334,111.18597412109375
2021-11-29,48.918922424316406,13.529532432556152,110.81689453125
2021-11-30,46.81197738647461,13.039009094238281,108.87921142578125
2021-12-01,47.1361198425293,13.199543952941895,109.02684020996094
2021-12-02,48.00050735473633,13.06130599975586,108.6946792602539
2021-12-03,47.622337341308594,13.056846618652344,109.63581848144531
2021-12-06,47.80241775512695,13.565206527709961,112.34858703613281
2021-12-07,47.59532928466797,13.49831771850586,112.45930480957031
2021-12-08,47.74839782714844,13.319944381713867,114.23089599609375
2021-12-09,47.72138595581055,13.507235527038574,114.7845230102539
2021-12-10,47.73939514160156,13.895195007324219,115.28278350830078
2021-12-13,47.460269927978516,14.23856258392334,114.95060729980469
2021-12-14,47.865447998046875,14.327749252319336,114.43388366699219
2021-12-15,47.811424255371094,13.560748100280762,115.74413299560547
2021-12-16,48.73884201049805,13.600881576538086,117.29427337646484
2021-12-17,49.18003463745117,13.904114723205566,117.49726867675781
2021-12-20,47.84743881225586,13.93532943725586,117.4234619140625
2021-12-21,47.97349548339844,14.055730819702148,117.18355560302734
2021-12-22,48.15357971191406,13.930870056152344,117.12818908691406
2021-12-23,48.432701110839844,14.015596389770508,117.22046661376953
2021-12-24,48.225608825683594,13.953166961669922,
2021-12-27,49.117008209228516,14.042352676391602,117.47882080078125
2021-12-28,49.288089752197266,14.193968772888184,118.78907012939453
2021-12-29,49.297088623046875,14.229643821716309,118.41997528076172
2021-12-30,49.450157165527344,14.283154487609863,117.58954620361328
2021-12-31,49.15302658081055,14.363422393798828,
2022-01-03,49.51319122314453,14.376800537109375,119.23196411132812
2022-01-04,50.9808464050293,14.639900207519531,119.49031829833984
2022-01-05,50.881797790527344,15.384603500366211,116.26084899902344
2022-01-06,50.890804290771484,16.352272033691406,116.00248718261719
2022-01-07,50.665706634521484,16.37010955810547,114.83988952636719
2022-01-10,51.23295593261719,15.759184837341309,112.4777603149414
2022-01-11,51.313995361328125,15.924179077148438,112.73611450195312
2022-01-12,51.15192413330078,15.924179077148438,112.38549041748047
2022-01-13,51.77320098876953,15.759184837341309,112.01640319824219
2022-01-14,52.106346130371094,15.754727363586426,111.49968719482422
2022-01-17,52.20539474487305,15.92863941192627,112.5146713256836
2022-01-18,51.935272216796875,15.719051361083984,112.920654296875
2022-01-19,51.46706008911133,15.580812454223633,110.87225341796875
2022-01-20,51.79121017456055,15.607569694519043,111.83186340332031
2022-01-21,52.07933807373047,15.661079406738281,111.68423461914062
2022-01-24,50.476619720458984,15.513923645019531,108.87921142578125
2022-01-25,50.42259216308594,15.589731216430664,108.620849609375
2022-01-26,50.60267639160156,15.607569694519043,108.84229278564453
2022-01-27,51.142913818359375,15.897424697875977,109.15602111816406
2022-01-28,49.71127700805664,15.9375581741333,108.93456268310547
2022-01-31,49.747291564941406,15.090289115905762,109.875732421875
2022-02-01,49.57621765136719,15.340009689331055,109.80191040039062
2022-02-02,50.28753662109375,15.161637306213379,111.18597412109375
2022-02-03,49.61222839355469,15.085830688476562,110.1709976196289
2022-02-04,49.279083251953125,14.956509590148926,109.89418029785156
2022-02-07,49.98139572143555,15.085830688476562,109.83882141113281
2022-02-08,50.089447021484375,15.183934211730957,108.7315673828125
2022-02-09,49.882354736328125,15.224069595336914,109.70964813232422
2022-02-10,49.41414260864258,15.295415878295898,108.89765167236328
2022-02-11,49.873348236083984,15.286498069763184,110.06026458740234
2022-02-14,49.306095123291016,15.344470024108887,108.23332214355469
2022-02-15,49.61222839355469,15.424736976623535,108.6946792602539
2022-02-16,49.855342864990234,15.32663345336914,108.23332214355469
2022-02-17,49.918365478515625,16.066877365112305,108.30712890625
2022-02-18,50.314544677734375,16.214035034179688,109.06375122070312
2022-02-21,49.83732986450195,15.91080093383789,109.52510070800781
2022-02-22,49.14402389526367,16.017824172973633,109.61737823486328
2022-02-23,51.04387283325195,16.120389938354492,109.70964813232422
2022-02-24,48.666805267333984,15.732428550720215,106.25872039794922
2022-02-25,50.44060516357422,15.999988555908203,109.34056854248047
2022-02-28,48.90091323852539,15.964312553405762,110.52162170410156
2022-03-01,48.25262451171875,15.723509788513184,111.130615234375
2022-03-02,47.406246185302734,15.736888885498047,110.76152801513672
2022-03-03,46.12767028808594,15.817155838012695,108.9530258178711
2022-03-04,44.26383590698242,15.540678977966309,106.9415283203125
2022-03-07,43.26438522338867,15.148260116577148,104.54249572753906
2022-03-08,42.751155853271484,15.268662452697754,101.82974243164062
2022-03-09,46.010616302490234,15.669998168945312,106.3140869140625
2022-03-10,45.45236587524414,15.830533981323242,104.7270278930664
2022-03-11,45.95659255981445,15.986607551574707,104.24723052978516
2022-03-14,47.811424255371094,16.267545700073242,105.87118530273438
2022-03-15,47.50528335571289,16.34781265258789,106.79389953613281
2022-03-16,47.79341506958008,16.138225555419922,107.45823669433594
2022-03-17,48.15357971191406,16.120389938354492,109.70964813232422
2022-03-18,48.45071029663086,16.254169464111328,111.68423461914062
2022-03-21,46.9560432434082,16.374570846557617,111.09370422363281
2022-03-22,47.109107971191406,16.544021606445312,111.2413330078125
2022-03-23,46.568870544433594,16.744691848754883,109.48819732666016
2022-03-24,46.37977981567383,16.753610610961914,110.65080261230469
2022-03-25,45.8935661315918,16.945362091064453,109.9864501953125
2022-03-28,45.92057800292969,16.994413375854492,111.00143432617188
2022-03-29,46.67691421508789,17.17278480529785,111.53659057617188
2022-03-30,45.7495002746582,17.422504425048828,111.2597885131836
2022-03-31,45.04718780517578,17.520610809326172,110.9091567993164
2022-04-01,45.263282775878906,17.25751304626465,111.51814270019531
2022-04-04,45.182247161865234,17.21291732788086,112.49620819091797
2022-04-05,45.52439880371094,16.914146423339844,114.02790069580078
2022-04-06,45.60543441772461,17.297645568847656,112.93911743164062
2022-04-07,46.460819244384766,17.636550903320312,113.62191009521484
2022-04-08,47.037078857421875,17.98883819580078,114.87679290771484
2022-04-11,47.109107971191406,18.202884674072266,117.12335205078125
2022-04-12,46.75794982910156,17.9085693359375,115.95287322998047
2022-04-13,46.253726959228516,17.962081909179688,116.84017181396484
2022-04-14,47.42424774169922,18.006675720214844,117.17999267578125
2022-04-19,47.38823699951172,18.372339248657227,114.82015228271484
2022-04-20,50.116458892822266,18.167211532592773,114.97119140625
2022-04-21,49.82832717895508,17.632095336914062,115.80184936523438
2022-04-22,49.72028350830078,17.516151428222656,117.95401763916016
2022-04-25,50.58467102050781,17.65884780883789,118.80355834960938
2022-04-26,50.7917594909668,17.88181495666504,116.78353881835938
2022-04-27,50.23351287841797,17.6811466217041,118.18055725097656
2022-04-28,51.24196243286133,17.748035430908203,118.80355834960938
2022-04-29,51.899253845214844,17.97991943359375,118.93570709228516
2022-05-02,51.593116760253906,18.185047149658203,118.7469253540039
2022-05-03,51.683162689208984,18.58638572692871,118.27495574951172
2022-05-04,50.75574493408203,18.25639533996582,117.02896118164062
2022-05-05,50.44060516357422,18.33666229248047,117.80299377441406
2022-05-06,50.51263427734375,18.363420486450195,116.4437255859375
2022-05-09,50.323551177978516,18.372339248657227,113.63079833984375
2022-05-10,51.15372848510742,18.434768676757812,113.23434448242188
2022-05-11,51.26565933227539,18.26531410217285,114.95230102539062
2022-05-12,51.116416931152344,18.363420486450195,114.89566802978516
2022-05-13,52.394325256347656,18.755840301513672,115.6697006225586
2022-05-16,52.7954216003418,18.880699157714844,116.40596008300781
2022-05-17,52.17978286743164,18.755840301513672,115.72633361816406
2022-05-18,51.76003646850586,17.926406860351562,112.68685913085938
2022-05-19,50.47279739379883,17.355615615844727,107.02325439453125
2022-05-20,51.18170928955078,17.039005279541016,106.85334777832031
2022-05-23,51.44289016723633,17.26643180847168,108.23149871826172
2022-05-24,50.72465133666992,17.079137802124023,108.3070068359375
2022-05-25,51.26565933227539,17.088056564331055,107.83504486083984
2022-05-26,50.892547607421875,17.19508171081543,
2022-05-27,51.079105377197266,17.039005279541016,110.04385375976562
2022-05-30,51.107086181640625,16.989952087402344,110.40254211425781
2022-05-31,51.05112075805664,16.972118377685547,110.4403076171875
2022-06-01,51.00448226928711,17.208459854125977,108.6279525756836
2022-06-02,52.515586853027344,17.49385643005371,108.3070068359375
2022-06-03,52.14247512817383,17.569664001464844,108.45803833007812
2022-06-06,52.14247512817383,17.498313903808594,
2022-06-07,51.76003646850586,17.539541244506836,107.45746612548828
2022-06-08,50.351531982421875,17.315086364746094,106.0793228149414
2022-06-09,49.754554748535156,17.081470489501953,104.34249114990234
2022-06-10,49.110939025878906,16.802045822143555,103.92715454101562
2022-06-13,49.64262008666992,16.93030548095703,104.5312728881836
2022-06-14,48.26210403442383,17.19140625,102.53013610839844
2022-06-15,47.90764617919922,17.14101791381836,101.71835327148438
2022-06-16,46.89091491699219,17.076889038085938,100.52899169921875
2022-06-17,48.41135025024414,16.751657485961914,100.62338256835938
2022-06-20,48.45798873901367,17.063146591186523,101.35965728759766
2022-06-21,48.168827056884766,16.75623893737793,101.34077453613281
2022-06-22,47.683780670166016,15.556092262268066,103.19088745117188
2022-06-23,47.17074966430664,15.116344451904297,102.39798736572266
2022-06-24,49.054969787597656,15.64312744140625,105.38081359863281
2022-06-27,49.138919830322266,15.656868934631348,106.26811218261719
2022-06-28,49.334800720214844,15.80803108215332,104.43688201904297
2022-06-29,49.46539306640625,15.66144847869873,106.09820556640625
2022-06-30,49.679931640625,15.469059944152832,105.19203186035156
2022-07-01,49.71724319458008,15.519447326660156,106.43801879882812
2022-07-04,50.109012603759766,15.711835861206055,107.15540313720703
2022-07-05,49.38144302368164,15.198796272277832,106.51353454589844
2022-07-06,49.978424072265625,15.372864723205566,108.5146713256836
2022-07-07,49.679931640625,15.349961280822754,107.96719360351562
2022-07-08,49.98775100708008,15.7301607131958,108.21261596679688
2022-07-11,49.82917785644531,15.537768363952637,108.72234344482422
2022-07-12,50.845909118652344,15.565255165100098,109.15655517578125
2022-07-13,50.07170104980469,15.308732986450195,107.43859100341797
2022-07-14,49.4747200012207,15.015568733215332,106.72119903564453
2022-07-15,50.08102798461914,15.033891677856445,108.76010131835938
2022-07-18,49.922454833984375,15.423251152038574,108.49580383300781
2022-07-19,50.94851303100586,15.565255165100098,108.81673431396484
2022-07-20,50.38884353637695,15.670610427856445,106.90998840332031
2022-07-21,50.21161651611328,15.583577156066895,108.57130432128906
2022-07-22,50.12767028808594,15.44615650177002,109.72290802001953
2022-07-25,50.61271286010742,15.546930313110352,110.3270263671875
2022-07-26,51.2843132019043,15.441575050354004,110.70460510253906
2022-07-27,50.78994369506836,15.748482704162598,110.87450408935547
2022-07-28,49.810523986816406,15.363703727722168,110.4403076171875
2022-07-29,50.192962646484375,15.244604110717773,109.91170501708984
2022-08-01,50.11833572387695,14.859824180603027,
2022-08-02,50.37018966674805,15.07969856262207,110.4403076171875
2022-08-03,50.38884353637695,15.084280014038086,110.15711975097656
2022-08-04,50.46346664428711,14.868986129760742,110.3270263671875
2022-08-05,50.062374114990234,15.098021507263184,109.02440643310547
2022-08-08,49.997074127197266,15.166732788085938,109.02440643310547
2022-08-09,49.969093322753906,15.244604110717773,109.0810317993164
2022-08-10,49.969093322753906,15.487381935119629,107.92943572998047
2022-08-11,49.950439453125,15.67977237701416,108.72234344482422
2022-08-12,49.15757369995117,15.57441520690918,108.1559829711914
2022-08-15,50.07170104980469,15.725579261779785,109.15655517578125
2022-08-16,50.50077819824219,15.844677925109863,108.76010131835938
2022-08-17,50.45414352416992,15.844677925109863,110.30815124511719
2022-08-18,50.07170104980469,15.917969703674316,109.89281463623047
2022-08-19,50.04372024536133,15.945454597473145,110.36478424072266
2022-08-22,49.65195083618164,15.803452491760254,110.6668472290039
2022-08-23,49.390769958496094,15.647706985473633,108.68458557128906
2022-08-24,49.91312789916992,15.533188819885254,109.76066589355469
2022-08-25,49.80119323730469,15.62480354309082,110.28926849365234
2022-08-26,48.89639663696289,15.48280143737793,109.02440643310547
2022-08-29,48.849754333496094,15.496543884277344,108.98664093017578
2022-08-30,48.66320037841797,15.07969856262207,108.70346069335938
2022-08-31,48.980342864990234,15.244604110717773,108.1559829711914
2022-09-01,48.551265716552734,15.148408889770508,106.62680053710938
2022-09-02,48.74715042114258,15.166732788085938,107.0610122680664
2022-09-05,47.79571533203125,14.98808479309082,106.66455841064453
2022-09-06,47.45991134643555,15.020150184631348,106.11708068847656
2022-09-07,47.292015075683594,14.786532402038574,104.9654769897461
2022-09-08,47.13343811035156,14.87814712524414,103.92715454101562
2022-09-09,47.6464729309082,15.130085945129395,105.3619384765625
2022-09-12,48.4393310546875,15.4598970413208,105.5884780883789
2022-09-13,48.05689239501953,15.496543884277344,105.79615020751953
2022-09-14,47.114784240722656,15.258346557617188,102.98321533203125
2022-09-15,46.73234176635742,14.93311595916748,102.6434097290039
2022-09-16,46.182003021240234,15.029312133789062,100.8310546875
2022-09-19,46.307926177978516,14.942276954650879,101.79386138916016
2022-09-20,46.20065689086914,14.621627807617188,100.35908508300781
2022-09-21,46.04208755493164,14.278075218200684,100.3779525756836
2022-09-22,46.63906478881836,14.273493766784668,101.35965728759766
2022-09-23,46.172672271728516,13.568065643310547,101.07647705078125
2022-09-26,45.337833404541016,13.398578643798828,100.54786682128906
2022-09-27,45.179264068603516,13.586387634277344,100.35908508300781
2022-09-28,45.20724868774414,13.595548629760742,99.83048248291016
2022-09-29,44.941402435302734,12.83973217010498,100.58562469482422
2022-09-30,45.3051872253418,13.02295970916748,101.07647705078125
2022-10-03,44.502994537353516,13.192445755004883,100.4912338256836
2022-10-04,45.8648567199707,13.32070541381836,101.45405578613281
2022-10-05,45.095314025878906,12.871796607971191,101.0575942993164
2022-10-06,44.69887924194336,12.940506935119629,100.3779525756836
2022-10-07,44.190513610839844,13.192445755004883,100.0759048461914
2022-10-10,44.283790588378906,13.316125869750977,100.03815460205078
2022-10-11,44.57295227050781,13.545161247253418,99.81159973144531
2022-10-12,44.558963775634766,13.251995086669922,100.18917083740234
2022-10-13,44.47967529296875,13.453546524047852,99.0942153930664
2022-10-14,44.750179290771484,13.595548629760742,99.73609161376953
2022-10-17,45.00669860839844,13.852068901062012,101.52955627441406
2022-10-18,45.40312957763672,13.893294334411621,101.73722839355469
2022-10-19,44.857452392578125,13.975747108459473,100.43460083007812
2022-10-20,44.66157150268555,13.907037734985352,99.92487335205078
2022-10-21,44.428375244140625,13.934521675109863,99.43402099609375
2022-10-24,45.1466178894043,14.104007720947266,101.1142349243164
2022-10-25,45.31917953491211,14.236847877502441,102.0959243774414
2022-10-26,45.025352478027344,14.099427223205566,102.28470611572266
2022-10-27,45.1466178894043,14.507110595703125,101.28414154052734
2022-10-28,46.45717239379883,14.768211364746094,101.71835327148438
2022-10-31,46.95621109008789,14.919374465942383,102.92658996582031
2022-11-01,46.78831100463867,14.832341194152832,102.3602294921875
2022-11-02,46.67637634277344,14.983504295349121,102.86995697021484
2022-11-03,46.33591079711914,14.923955917358398,102.0959243774414
2022-11-04,46.67637634277344,15.04305362701416,102.5678939819336
2022-11-07,45.794898986816406,15.175894737243652,101.54844665527344
2022-11-08,45.96746063232422,14.910212516784668,101.86937713623047
2022-11-09,46.578433990478516,15.130085945129395,103.00210571289062
2022-11-10,46.20065689086914,14.99266529083252,103.90827941894531
2022-11-11,46.014102935791016,14.763629913330078,102.00152587890625
2022-11-14,46.84428024291992,15.047633171081543,102.0204086303711
2022-11-15,46.50381088256836,15.111764907836914,101.71835327148438
2022-11-16,46.90957260131836,14.850663185119629,102.37910461425781
2022-11-17,46.55044937133789,14.777371406555176,103.71949005126953
2022-11-18,46.531795501708984,14.887309074401855,104.66342163085938
2022-11-21,47.236045837402344,14.905632019042969,105.852783203125
2022-11-22,47.28268051147461,14.95602035522461,105.98493194580078
2022-11-23,47.18008041381836,15.029312133789062,106.58905029296875
2022-11-24,47.077476501464844,15.180474281311035,106.77783966064453
2022-11-25,47.077476501464844,15.157570838928223,106.66455841064453
2022-11-28,46.90957260131836,15.139246940612793,107.13652801513672
2022-11-29,46.91889953613281,15.125506401062012,105.0221176147461
2022-11-30,46.713687896728516,15.047633171081543,106.04156494140625
2022-12-01,47.41327667236328,15.249184608459473,107.34420013427734
2022-12-02,47.77705764770508,15.340800285339355,106.66455841064453
2022-12-05,47.08679962158203,15.226283073425293,105.05987548828125
2022-12-06,47.40394592285156,15.455318450927734,105.32418060302734
2022-12-07,47.16142272949219,15.262928009033203,103.1342544555664
2022-12-08,46.527130126953125,15.157570838928223,103.2852783203125
2022-12-09,46.8349494934082,15.139246940612793,103.11537170410156
2022-12-12,46.279945373535156,14.850663185119629,103.36079406738281
2022-12-13,46.38721466064453,14.859824180603027,103.41742706298828
2022-12-14,46.38721466064453,14.296396255493164,104.81446075439453
2022-12-15,45.35649108886719,14.488786697387695,101.62395477294922
2022-12-16,45.35649108886719,14.268913269042969,101.15199279785156
2022-12-19,46.228641510009766,14.41091537475586,101.86937713623047
2022-12-20,45.53371810913086,14.41091537475586,100.94432067871094
2022-12-21,46.363895416259766,14.580401420593262,102.37910461425781
2022-12-22,46.38721466064453,14.571239471435547,101.92601776123047
2022-12-23,46.606414794921875,14.69950008392334,101.77498626708984
2022-12-27,46.611083984375,14.571239471435547,102.0392837524414
2022-12-28,46.48515319824219,14.397172927856445,102.0392837524414
2022-12-29,46.69503402709961,14.49794864654541,102.19031524658203
2022-12-30,45.92082214355469,14.328463554382324,101.13310241699219
2023-01-02,46.24729919433594,14.429238319396973,
2023-01-03,46.59709167480469,14.543756484985352,102.81330871582031
2023-01-04,47.03083038330078,14.722403526306152,104.58790588378906
2023-01-05,47.17074966430664,14.40633487701416,104.28585815429688
2023-01-06,46.307926177978516,14.672015190124512,104.87108612060547
2023-01-09,45.83220672607422,15.31789493560791,105.3619384765625
2023-01-10,46.16334915161133,15.414092063903809,105.13539123535156
2023-01-11,46.4291877746582,15.372864723205566,106.64569091796875
2023-01-12,46.037418365478516,15.349961280822754,107.21205139160156
2023-01-13,46.37788772583008,15.175894737243652,107.57073974609375
2023-01-16,46.76032638549805,15.872162818908691,108.72234344482422
2023-01-17,46.713687896728516,16.01874542236328,108.17485809326172
2023-01-18,46.62040710449219,15.936291694641113,106.1359634399414
2023-01-19,46.8349494934082,15.615642547607422,106.02268981933594
2023-01-20,46.965538024902344,15.890482902526855,105.75839233398438
2023-01-23,46.92823028564453,15.885904312133789,106.83447265625
2023-01-24,46.77898406982422,15.762224197387695,106.24922943115234
2023-01-25,46.452510833740234,15.82177448272705,106.38137817382812
2023-01-26,45.89284133911133,15.890482902526855,103.64397430419922
2023-01-27,46.19599533081055,16.046228408813477,103.3985595703125
2023-01-30,46.73234176635742,16.069133758544922,104.94660949707031
2023-01-31,46.92823028564453,16.005002975463867,105.22978973388672
2023-02-01,47.292015075683594,15.972936630249023,104.79557037353516
2023-02-02,47.12411117553711,16.078292846679688,103.66285705566406
2023-02-03,47.32932662963867,15.995840072631836,105.5129623413086
2023-02-06,47.1054573059082,16.009584426879883,105.22978973388672
2023-02-07,47.03083038330078,15.212539672851562,103.87052154541016
2023-02-08,47.04948806762695,15.175894737243652,104.19145202636719
2023-02-09,47.021507263183594,15.267509460449219,102.88882446289062
2023-02-10,46.79763412475586,14.928535461425781,103.3419189453125
2023-02-13,47.18940353393555,14.745306968688965,104.73893737792969
2023-02-14,47.2640266418457,15.04305362701416,105.05987548828125
2023-02-15,48.31806945800781,16.32107162475586,104.4935073852539
2023-02-16,48.2154655456543,16.66462516784668,101.85050201416016
2023-02-17,48.58857727050781,16.627979278564453,103.15312957763672
2023-02-20,48.74715042114258,16.682947158813477,103.3985595703125
2023-02-21,48.793792724609375,16.641721725463867,103.47406768798828
2023-02-22,50.98582458496094,16.440170288085938,104.17257690429688
2023-02-23,50.27691650390625,16.284425735473633,102.5678939819336
2023-02-24,50.1556510925293,16.7287540435791,102.24695587158203
2023-02-27,50.136993408203125,16.806625366210938,102.54901123046875
2023-02-28,49.661277770996094,17.14101791381836,100.1325454711914
2023-03-01,49.4747200012207,16.559268951416016,99.67945098876953
2023-03-02,50.053043365478516,16.609655380249023,101.69947052001953
2023-03-03,50.20228958129883,16.591333389282227,101.52955627441406
2023-03-06,49.82917785644531,16.527204513549805,99.11309051513672
2023-03-07,50.3795166015625,16.56842803955078,99.28300476074219
2023-03-08,50.82725524902344,16.627979278564453,99.41515350341797
2023-03-09,51.2843132019043,16.63714027404785,99.73609161376953
2023-03-10,51.31229782104492,16.875337600708008,99.54730224609375
2023-03-13,50.678009033203125,16.577590942382812,100.7744140625
2023-03-14,50.88322067260742,16.779142379760742,101.15199279785156
2023-03-15,50.678009033203125,16.206554412841797,101.22750091552734
2023-03-16,51.330955505371094,16.238618850708008,103.58734130859375
2023-03-17,50.79926681518555,15.853839874267578,103.20976257324219
2023-03-20,51.17238235473633,16.082876205444336,102.86995697021484
2023-03-21,51.62944412231445,16.27068519592285,101.88825988769531
2023-03-22,52.431636810302734,16.408105850219727,103.51182556152344
2023-03-23,52.33835983276367,16.215715408325195,103.49295043945312
2023-03-24,52.487606048583984,16.023324966430664,103.49295043945312
2023-03-27,53.000633239746094,16.174489974975586,103.3985595703125
2023-03-28,52.944664001464844,16.412687301635742,104.07818603515625
2023-03-29,53.205848693847656,16.49513816833496,105.72062683105469
2023-03-30,52.786094665527344,16.7287540435791,104.5312728881836
2023-03-31,53.457698822021484,17.067726135253906,105.21089935302734
2023-04-03,54.04534912109375,17.118114471435547,105.81501770019531
2023-04-04,54.95014572143555,16.98985481262207,105.05987548828125
2023-04-05,55.49116134643555,16.857013702392578,106.51353454589844
2023-04-06,55.52846908569336,16.9990177154541,107.34420013427734
2023-04-11,55.17401885986328,17.305923461914062,107.0610122680664
2023-04-12,54.97813034057617,17.35173225402832,106.6079330444336
2023-04-13,54.95947265625,17.076889038085938,105.3619384765625
2023-04-14,54.875526428222656,17.099794387817383,106.64569091796875
2023-04-17,55.50048828125,17.26927947998047,107.23091888427734
2023-04-18,55.11804962158203,17.315086364746094,107.6084976196289
2023-04-19,55.463172912597656,17.26927947998047,107.89167785644531
2023-04-20,55.78032302856445,16.953208923339844,108.3070068359375
2023-04-21,55.83628845214844,16.83869171142578,109.77955627441406
2023-04-24,56.06948471069336,16.889080047607422,111.04828643798828
2023-04-25,56.37730026245117,16.893659591674805,111.88118743896484
2023-04-26,56.29335021972656,17.25095558166504,111.41631317138672
2023-04-27,55.463172912597656,17.29218292236328,110.11851501464844
2023-04-28,55.95755386352539,17.278440475463867,110.91268920898438
2023-05-02,56.04150390625,17.0081787109375,110.95143127441406
2023-05-03,56.358642578125,16.591333389282227,112.46229553222656
2023-05-04,56.28402328491211,16.05997085571289,111.95867156982422
2023-05-05,56.33066177368164,16.32107162475586,112.79158020019531
2023-05-08,56.41461181640625,16.46307373046875,112.71409606933594
2023-05-09,56.73295974731445,16.632558822631836,112.75283813476562
2023-05-10,56.15414810180664,16.5546875,110.9708023071289
2023-05-11,56.935543060302734,16.802045822143555,111.5519027709961
2023-05-12,57.00307083129883,16.765399932861328,111.35820007324219
2023-05-15,57.01271438598633,16.710432052612305,111.24198150634766
2023-05-16,57.09953689575195,16.70585060119629,110.85457611083984
2023-05-17,56.5593147277832,16.559268951416016,109.71174621582031
2023-05-18,56.38567352294922,16.124101638793945,
2023-05-19,56.67507553100586,16.298168182373047,110.2347412109375
2023-05-22,56.337440490722656,16.3622989654541,109.40182495117188
2023-05-23,56.21202850341797,16.385202407836914,108.87883758544922
2023-05-24,55.48851776123047,16.330232620239258,108.68514251708984
2023-05-25,55.141231536865234,16.082876205444336,107.79412078857422
2023-05-26,55.141231536865234,16.124101638793945,108.5301742553711
2023-05-29,55.27628707885742,16.266101837158203,
2023-05-30,53.75209045410156,15.950033187866211,104.92735290527344
2023-05-31,53.3855094909668,15.743902206420898,104.501220703125
2023-06-01,53.39515686035156,15.698094367980957,105.3534927368164
2023-06-02,54.080081939697266,15.863000869750977,106.14766693115234
2023-06-05,53.973968505859375,15.890482902526855,105.3534927368164
2023-06-06,54.186195373535156,15.871550559997559,105.72152709960938
2023-06-07,53.356571197509766,15.69167709350586,104.42373657226562
2023-06-08,52.74882125854492,15.715344429016113,103.62956237792969
2023-06-09,51.72625732421875,15.573338508605957,103.78453063964844
2023-06-12,51.909549713134766,15.511802673339844,103.78453063964844
2023-06-13,51.9384880065918,15.379263877868652,103.2809066772461
2023-06-14,52.03495407104492,15.615941047668457,103.16468048095703
2023-06-15,52.72952651977539,15.450265884399414,104.52058410644531
2023-06-16,53.346923828125,15.578071594238281,104.65617370605469
2023-06-19,52.97069549560547,15.294059753417969,104.59806823730469
2023-06-20,53.18292999267578,15.42659854888916,103.97822570800781
2023-06-21,54.263370513916016,15.431331634521484,104.69491577148438
2023-06-22,53.93537902832031,15.388729095458984,104.77239990234375
2023-06-23,54.10902404785156,15.530736923217773,105.3534927368164
2023-06-26,53.75209045410156,15.724811553955078,104.59806823730469
2023-06-27,53.29869079589844,15.88575267791748,104.501220703125
2023-06-28,53.43374252319336,16.36383819580078,103.61019897460938
2023-06-29,53.48197937011719,16.226566314697266,103.55208587646484
2023-06-30,54.157257080078125,16.43010711669922,104.21066284179688
2023-07-03,54.408077239990234,16.46797752380371,104.44309997558594
2023-07-04,53.93537902832031,16.14609718322754,103.59082794189453
2023-07-05,54.30195999145508,15.970955848693848,103.53271484375
2023-07-06,53.57844924926758,15.899951934814453,102.7385482788086
2023-07-07,53.30833435058594,15.985156059265137,101.36328125
2023-07-10,53.13469696044922,16.11296272277832,102.2542953491211
2023-07-11,53.076812744140625,16.231300354003906,101.77005004882812
2023-07-12,53.32762908935547,16.36383819580078,101.40200805664062
2023-07-13,53.549503326416016,16.359106063842773,101.78941345214844
2023-07-14,53.66526794433594,16.193431854248047,101.88626098632812
2023-07-17,53.260101318359375,16.288103103637695,101.44075012207031
2023-07-18,53.42409896850586,16.325971603393555,101.09209442138672
2023-07-19,53.58809280395508,16.52004623413086,101.46012878417969
2023-07-20,54.060791015625,16.728321075439453,100.78217315673828
2023-07-21,54.58171844482422,16.766189575195312,101.36328125
2023-07-24,54.30195999145508,16.695186614990234,101.11146545410156
2023-07-25,54.7553596496582,16.53424644470215,101.30516052246094
2023-07-26,53.92573547363281,17.017066955566406,101.92500305175781
2023-07-27,54.21513748168945,17.551958084106445,104.59806823730469
2023-07-28,54.437015533447266,17.29161262512207,103.97822570800781
2023-07-31,53.56879806518555,17.220609664916992,103.51334381103516
2023-08-01,53.337276458740234,17.419418334960938,
2023-08-02,53.42409896850586,17.27267837524414,103.92012023925781
2023-08-03,52.57517623901367,17.2679443359375,102.04122161865234
2023-08-04,52.28577423095703,17.19220733642578,100.8790283203125
2023-08-07,52.54623794555664,17.135406494140625,101.07272338867188
2023-08-08,52.58482360839844,17.178007125854492,100.76280212402344
2023-08-09,52.97069549560547,17.107004165649414,101.01461791992188
2023-08-10,53.11540222167969,17.230077743530273,101.73130798339844
2023-08-11,52.60411834716797,17.154340744018555,100.80154418945312
2023-08-14,52.97069549560547,17.17327308654785,101.20831298828125
2023-08-15,51.996368408203125,17.040735244750977,99.75556182861328
2023-08-16,51.83237075805664,17.107004165649414,100.9371337890625
2023-08-17,51.378971099853516,17.29161262512207,100.0461196899414
2023-08-18,51.31144332885742,17.149606704711914,100.5884780883789
2023-08-21,51.18603515625,17.310546875,100.8790283203125
2023-08-22,50.77122497558594,17.27741241455078,100.8790283203125
2023-08-23,51.03168869018555,17.13067054748535,101.42138671875
2023-08-24,51.378971099853516,17.178007125854492,102.37051391601562
2023-08-25,51.620140075683594,17.23954200744629,102.89350128173828
2023-08-28,51.8806037902832,17.263212203979492,103.20342254638672
2023-08-29,51.77449035644531,16.47744369506836,103.59082794189453
2023-08-30,52.05424880981445,16.595783233642578,102.97098541259766
2023-08-31,51.92884063720703,16.728321075439453,103.04846954345703
2023-09-01,51.86131286621094,16.36383819580078,102.13807678222656
2023-09-04,51.485084533691406,16.221832275390625,101.73130798339844
2023-09-05,50.92557144165039,15.866817474365234,100.47225189208984
2023-09-06,50.86769104003906,15.729544639587402,100.91776275634766
2023-09-07,51.34038543701172,15.781614303588867,101.88626098632812
2023-09-08,51.67802429199219,16.07982635498047,101.90563201904297
2023-09-11,52.28577423095703,16.141361236572266,102.7579116821289
2023-09-12,51.639434814453125,16.325971603393555,101.82815551757812
2023-09-13,51.32109069824219,16.16503143310547,101.01461791992188
2023-09-14,51.60084915161133,16.212366104125977,101.65382385253906
2023-09-15,51.890254974365234,16.0561580657959,102.09933471679688
2023-09-18,51.909549713134766,15.928354263305664,102.38988494873047
2023-09-19,51.66837692260742,16.12242889404297,102.27366638183594
2023-09-20,52.170013427734375,16.02302360534668,103.35838317871094
2023-09-21,51.66837692260742,15.890484809875488,104.52058410644531
2023-09-22,51.1474494934082,15.563871383666992,103.53271484375
2023-09-25,50.558990478515625,15.360329627990723,103.76515197753906
2023-09-26,50.64581298828125,15.379263877868652,102.27366638183594
2023-09-27,49.835479736328125,15.327195167541504,100.43350982666016
2023-09-28,49.632896423339844,15.393464088439941,99.6587142944336
2023-09-29,50.41428756713867,15.417131423950195,100.47225189208984
2023-10-02,49.7486572265625,15.265658378601074,99.52312469482422
2023-10-03,50.05735778808594,15.156786918640137,99.40690612792969
2023-10-04,49.78724670410156,15.047916412353516,99.60060119628906
2023-10-05,50.07665252685547,15.199389457702637,99.6587142944336
2023-10-06,49.49784469604492,15.308259963989258,97.14061737060547
2023-10-09,50.84839630126953,15.331927299499512,98.20596313476562
2023-10-10,52.20859909057617,15.147319793701172,100.0461196899414
2023-10-11,52.71988296508789,15.062115669250488,101.84752655029297
2023-10-12,52.276126861572266,15.081050872802734,100.1623306274414
2023-10-13,52.092838287353516,14.939043998718262,99.83304595947266
2023-10-16,52.21824645996094,15.071582794189453,99.58123016357422
2023-10-17,52.517295837402344,14.962712287902832,99.54249572753906
2023-10-18,52.6523551940918,15.005313873291016,99.03887176513672
2023-10-19,52.170013427734375,14.976912498474121,95.63943481445312
2023-10-20,52.18930435180664,14.749702453613281,95.37794494628906
2023-10-23,51.996368408203125,14.872775077819824,94.62250518798828
2023-10-24,52.343650817871094,14.929577827453613,94.95179748535156
2023-10-25,52.93210983276367,14.7828369140625,95.44573974609375
2023-10-26,54.21513748168945,15.483400344848633,95.76533508300781
2023-10-27,53.22151184082031,15.573338508605957,94.39006805419922
2023-10-30,53.73279571533203,15.786346435546875,94.62250518798828
2023-10-31,54.16690444946289,15.696410179138184,94.9711685180664
2023-11-01,55.15087890625,15.999356269836426,96.24958801269531
2023-11-02,55.09299850463867,16.11296272277832,97.35367584228516
2023-11-03,55.035118103027344,16.217098236083984,96.6079330444336
2023-11-06,54.83253479003906,16.16503143310547,96.72415924072266
2023-11-07,54.84217834472656,16.354372024536133,96.4820327758789
2023-11-08,54.900062561035156,16.259700775146484,95.94935607910156
2023-11-09,55.35346221923828,16.094026565551758,96.76290130615234
2023-11-10,55.343814849853516,16.193431854248047,96.24958801269531
2023-11-13,55.98050308227539,16.368574142456055,95.78471374511719
2023-11-14,56.067325592041016,16.38277244567871,96.26895904541016
2023-11-15,55.498165130615234,16.254966735839844,96.46266174316406
2023-11-16,55.37275695800781,16.10349464416504,95.5232162475586
2023-11-17,55.5078125,16.108226776123047,95.87187194824219
2023-11-20,55.401695251464844,15.942554473876953,95.19392395019531
2023-11-21,56.13485336303711,16.00882339477539,96.6079330444336
2023-11-22,56.482139587402344,16.264434814453125,97.14061737060547
2023-11-23,56.5882568359375,16.330703735351562,97.17935180664062
2023-11-24,57.03200912475586,16.4395751953125,97.31494140625
2023-11-27,56.99342346191406,16.47744369506836,97.0631332397461
2023-11-28,56.964481353759766,16.46797752380371,96.26895904541016
2023-11-29,57.060951232910156,16.43010711669922,96.00746154785156
2023-11-30,56.88731002807617,16.46797752380371,96.22053527832031
2023-12-01,56.520729064941406,16.373306274414062,95.8331298828125
2023-12-04,56.71366500854492,16.297569274902344,96.82100677490234
2023-12-05,56.54966735839844,16.39697265625,96.4820327758789
2023-12-06,56.64613723754883,16.236032485961914,96.26895904541016
2023-12-07,57.05130386352539,16.307037353515625,95.56195068359375
2023-12-08,57.12847900390625,16.273902893066406,96.24958801269531
2023-12-11,57.379295349121094,16.37803840637207,95.90092468261719
2023-12-12,57.44682312011719,16.127161026000977,95.82345581054688
2023-12-13,57.215301513671875,15.26092529296875,95.32951354980469
2023-12-14,56.144500732421875,15.436065673828125,94.64188385009766
2023-12-15,55.93227005004883,15.417131423950195,95.01959228515625
2023-12-18,56.21202850341797,15.36506175994873,94.99053955078125
2023-12-19,55.8358039855957,15.65854263305664,93.52810668945312
2023-12-20,56.067325592041016,15.814748764038086,93.53778839111328
2023-12-21,56.240970611572266,15.67274284362793,93.93487548828125
2023-12-22,56.26026153564453,15.73427963256836,94.13825988769531
2023-12-27,56.347084045410156,15.73427963256836,93.78959655761719
2023-12-28,56.44355010986328,15.686943054199219,93.74117279052734
2023-12-29,56.607547760009766,15.682209968566895,94.4384994506836
2024-01-02,57.46611785888672,15.8762845993042,
2024-01-03,58.4211540222168,15.748478889465332,96.17211151123047
2024-01-04,58.4307975769043,15.895219802856445,95.65880584716797
2024-01-05,58.37291717529297,15.819480895996094,95.5232162475586
2024-01-08,58.77808380126953,15.82421588897705,95.67817687988281
2024-01-09,58.845611572265625,15.753211975097656,95.70722961425781
2024-01-10,58.90349578857422,15.6112060546875,95.17455291748047
2024-01-11,58.37291717529297,15.469200134277344,93.63463592529297
2024-01-12,58.72985076904297,15.606473922729492,94.66124725341797
2024-01-15,59.37618637084961,15.743744850158691,94.15763092041016
2024-01-16,59.59806442260742,15.573338508605957,95.290771484375
2024-01-17,59.32795333862305,15.521269798278809,95.08738708496094
2024-01-18,59.25077819824219,15.417131423950195,94.53534698486328
2024-01-19,59.42441940307617,14.778103828430176,94.36101531982422
2024-01-22,59.42441940307617,15.071582794189453,94.41912078857422
2024-01-23,59.36654281616211,14.886975288391113,92.87921142578125
2024-01-24,59.183250427246094,15.019514083862305,92.3174819946289
2024-01-25,58.94207763671875,15.142585754394531,93.16975402832031
2024-01-26,59.125370025634766,15.289325714111328,95.38762664794922
2024-01-29,60.04182052612305,15.047916412353516,96.25927734375
2024-01-30,59.63665008544922,14.929577827453613,95.91061401367188
2024-01-31,59.559478759765625,14.976912498474121,95.4554214477539
2024-02-01,59.24113082885742,14.877508163452148,95.25203704833984
2024-02-02,58.7877311706543,15.076316833496094,95.46510314941406
2024-02-05,59.540184020996094,15.005313873291016,96.90817260742188
2024-02-06,59.752410888671875,14.943777084350586,96.25927734375
2024-02-07,59.36654281616211,14.423088073730469,95.5232162475586
2024-02-08,59.45336151123047,14.38995361328125,95.24234771728516
2024-02-09,58.739498138427734,14.148543357849121,92.40464782714844
2024-02-12,58.85525894165039,14.347352027893066,93.75086212158203
2024-02-13,58.826316833496094,14.172211647033691,93.36346435546875
2024-02-14,58.57550048828125,14.172211647033691,93.77991485595703
2024-02-15,58.97101974487305,14.300016403198242,95.01959228515625
2024-02-16,59.13501739501953,14.399420738220215,94.08983612060547
2024-02-19,59.34724807739258,14.513025283813477,95.50384521484375
2024-02-20,59.50159454345703,14.868041038513184,96.46266174316406
2024-02-21,59.52088928222656,15.601738929748535,95.9977798461914
2024-02-22,59.463008880615234,15.421865463256836,91.27149200439453
2024-02-23,58.565853118896484,15.540204048156738,92.3465347290039
2024-02-26,58.26680374145508,14.939043998718262,91.3199234008789
2024-02-27,58.44044876098633,15.090517044067383,90.72914123535156
2024-02-28,57.61082077026367,14.84437370300293,89.15048217773438
2024-02-29,56.935543060302734,14.702366828918457,88.86962127685547
2024-03-01,56.64613723754883,14.53669261932373,89.62504577636719
2024-03-04,56.99342346191406,14.607696533203125,89.12142181396484
2024-03-05,57.118831634521484,14.872775077819824,89.03426361083984
2024-03-06,56.655784606933594,14.896442413330078,89.90591430664062
2024-03-07,56.80048751831055,14.740235328674316,90.37078857421875
2024-03-08,56.67507553100586,14.5603609085083,90.85504150390625
2024-03-11,56.88731002807617,14.659765243530273,91.02937316894531
2024-03-12,57.070594787597656,14.981645584106445,91.30055236816406
2024-03-13,57.43717575073242,14.976912498474121,92.47244262695312
2024-03-14,57.311767578125,14.962712287902832,92.08503723144531
2024-03-15,57.49505615234375,14.863306999206543,92.23031616210938
2024-03-18,57.244239807128906,14.858573913574219,91.70732879638672
2024-03-19,57.196006774902344,14.915376663208008,90.85504150390625
2024-03-20,57.28282928466797,14.882242202758789,91.57173919677734
2024-03-21,57.060951232910156,15.076316833496094,91.96881866455078
2024-03-22,57.46611785888672,15.208856582641602,91.3877182006836
2024-03-25,57.224945068359375,15.142585754394531,91.76543426513672
2024-03-26,57.89057540893555,15.019514083862305,92.47244262695312
2024-03-27,57.62046432495117,15.232523918151855,92.97605895996094
2024-03-28,57.77481460571289,15.02898120880127,92.73393249511719
2024-04-02,56.89695358276367,15.114185333251953,91.8332290649414
2024-04-03,56.45320129394531,15.104718208312988,91.27149200439453
2024-04-04,55.95156478881836,14.678699493408203,91.79448699951172
2024-04-05,55.93227005004883,14.801772117614746,89.99307250976562
2024-04-08,55.64286804199219,15.109451293945312,90.32237243652344
2024-04-09,55.52710723876953,15.104718208312988,90.5548095703125
2024-04-10,55.48851776123047,15.24199104309082,90.51606750488281
2024-04-11,55.584983825683594,14.953245162963867,90.86473083496094
2024-04-12,55.73933410644531,15.01004695892334,90.10929870605469
2024-04-15,55.72003936767578,14.872775077819824,89.5863037109375
2024-04-16,55.584983825683594,14.778103828430176,89.02457427978516
2024-04-17,56.472496032714844,14.778103828430176,90.41921997070312
2024-04-18,56.97412872314453,14.877508163452148,90.30299377441406
2024-04-19,57.34070587158203,14.920109748840332,92.23999786376953
2024-04-22,57.82304763793945,15.246723175048828,93.83999633789062
2024-04-23,57.49505615234375,15.279858589172363,94.26000213623047
2024-04-24,57.6494026184082,15.199389457702637,93.9800033569336
2024-04-25,57.205650329589844,14.858573913574219,92.08000183105469
2024-04-26,56.240970611572266,15.071582794189453,92.69999694824219
2024-04-29,56.5882568359375,15.043182373046875,92.08000183105469
2024-04-30,56.5882568359375,14.948511123657227,92.19999694824219
2024-05-02,57.36000061035156,14.707100868225098,91.81999969482422
2024-05-03,57.7400016784668,14.78757095336914,91.72000122070312
2024-05-06,58.099998474121094,14.901175498962402,91.36000061035156
2024-05-07,58.720001220703125,14.99584674835205,92.16000366210938
2024-05-08,59.31999969482422,15.204121589660645,94.19999694824219
2024-05-09,59.279998779296875,15.554404258728027,
2024-05-10,59.5,15.6112060546875,95.18000030517578
2024-05-13,60.0,15.895219802856445,95.0
2024-05-14,59.400001525878906,15.904685020446777,94.63999938964844
2024-05-15,59.619998931884766,15.25619125366211,95.54000091552734
2024-05-16,59.86000061035156,15.360329627990723,95.41999816894531
2024-05-17,59.939998626708984,15.625406265258789,96.62000274658203
2024-05-20,59.939998626708984,15.459733009338379,
2024-05-21,60.0,15.379263877868652,95.30000305175781
2024-05-22,59.7599983215332,15.502335548400879,95.05999755859375
2024-05-23,59.2400016784668,15.402931213378906,93.30000305175781
2024-05-24,59.18000030517578,15.431331634521484,92.41999816894531
2024-05-27,59.279998779296875,15.455000877380371,92.36000061035156
2024-05-28,58.779998779296875,15.1850004196167,91.63999938964844
2024-05-29,58.52000045776367,15.109999656677246,91.18000030517578
2024-05-30,58.86000061035156,14.979999542236328,94.13999938964844
2024-05-31,59.119998931884766,14.989999771118164,95.55999755859375
2024-06-03,59.2400016784668,15.390000343322754,96.45999908447266
2024-06-04,59.63999938964844,15.085000038146973,97.5999984741211
2024-06-05,59.36000061035156,14.944999694824219,97.72000122070312
2024-06-06,59.86000061035156,14.9350004196167,98.33999633789062
2024-06-07,60.02000045776367,14.859999656677246,98.0199966430664
2024-06-10,59.34000015258789,14.59000015258789,95.5999984741211
2024-06-11,59.540000915527344,14.760000228881836,94.5999984741211
2024-06-12,60.0,14.824999809265137,94.94000244140625
2024-06-13,59.7599983215332,14.619999885559082,95.0999984741211
2024-06-14,58.79999923706055,14.404999732971191,95.27999877929688
2024-06-17,59.08000183105469,14.539999961853027,95.0999984741211
2024-06-18,59.2599983215332,13.920000076293945,94.9000015258789
2024-06-19,58.91999816894531,13.930000305175781,94.55999755859375
2024-06-20,57.400001525878906,13.885000228881836,94.9000015258789
2024-06-21,58.540000915527344,13.770000457763672,93.69999694824219
2024-06-24,58.86000061035156,13.805000305175781,94.68000030517578
2024-06-25,58.15999984741211,13.800000190734863,93.9000015258789
2024-06-26,58.08000183105469,13.555000305175781,92.9000015258789
2024-06-27,57.2400016784668,13.380000114440918,92.13999938964844
2024-06-28,57.08000183105469,13.199999809265137,91.72000122070312
2024-07-01,57.70000076293945,13.395000457763672,91.87999725341797
2024-07-02,57.79999923706055,13.510000228881836,92.5199966430664
2024-07-03,58.13999938964844,13.704999923706055,92.55999755859375
2024-07-04,58.86000061035156,13.994999885559082,92.95999908447266
2024-07-05,58.560001373291016,14.170000076293945,92.55999755859375
2024-07-08,58.08000183105469,14.045000076293945,92.83999633789062
2024-07-09,57.81999969482422,14.029999732971191,92.55999755859375
2024-07-10,58.13999938964844,14.100000381469727,93.30000305175781
2024-07-11,58.599998474121094,14.265000343322754,93.66000366210938
2024-07-12,59.060001373291016,14.225000381469727,94.66000366210938
2024-07-15,58.36000061035156,14.145000457763672,93.13999938964844
2024-07-16,58.400001525878906,14.145000457763672,92.62000274658203
2024-07-17,58.7599983215332,14.414999961853027,93.62000274658203
2024-07-18,58.939998626708984,14.635000228881836,94.23999786376953
2024-07-19,58.5,14.6899995803833,93.77999877929688
2024-07-22,58.70000076293945,14.6899995803833,94.5
2024-07-23,58.560001373291016,14.654999732971191,94.26000213623047
2024-07-24,58.20000076293945,14.515000343322754,93.55999755859375
2024-07-25,58.400001525878906,13.8149995803833,88.81999969482422
2024-07-26,59.040000915527344,13.904999732971191,87.91999816894531
2024-07-29,58.47999954223633,13.770000457763672,88.0199966430664
2024-07-30,58.84000015258789,13.770000457763672,88.68000030517578
2024-07-31,60.15999984741211,13.800000190734863,89.13999938964844
2024-08-01,59.81999969482422,13.84000015258789,
2024-08-02,61.540000915527344,13.869999885559082,89.4000015258789
2024-08-05,60.5,13.704999923706055,87.27999877929688
2024-08-06,60.18000030517578,13.489999771118164,87.5199966430664
2024-08-07,60.7400016784668,13.8149995803833,89.27999877929688
2024-08-08,60.52000045776367,13.78499984741211,89.13999938964844
2024-08-09,60.099998474121094,13.779999732971191,89.0
2024-08-12,60.13999938964844,13.729999542236328,88.63999938964844
2024-08-13,60.0,13.744999885559082,88.68000030517578
2024-08-14,60.619998931884766,13.899999618530273,89.30000305175781
2024-08-15,60.400001525878906,13.960000038146973,89.27999877929688
2024-08-16,60.5,14.079999923706055,89.81999969482422
2024-08-19,60.720001220703125,14.210000038146973,90.18000030517578
2024-08-20,60.58000183105469,14.180000305175781,89.27999877929688
2024-08-21,60.31999969482422,14.079999923706055,89.44000244140625
2024-08-22,60.86000061035156,14.135000228881836,89.44000244140625
2024-08-23,60.81999969482422,14.260000228881836,89.54000091552734
2024-08-26,61.2400016784668,14.289999961853027,89.72000122070312
2024-08-27,61.47999954223633,14.609999656677246,89.68000030517578
2024-08-28,62.2400016784668,14.5600004196167,90.31999969482422
2024-08-29,62.439998626708984,14.5600004196167,91.0999984741211
2024-08-30,62.79999923706055,14.579999923706055,91.0199966430664
2024-09-02,63.20000076293945,14.604999542236328,90.63999938964844
2024-09-03,63.779998779296875,14.774999618530273,91.4800033569336
2024-09-04,64.45999908447266,14.78499984741211,89.63999938964844
2024-09-05,64.41999816894531,14.789999961853027,88.4800033569336
2024-09-06,65.22000122070312,14.850000381469727,87.54000091552734
2024-09-09,65.73999786376953,14.970000267028809,88.0999984741211
2024-09-10,66.08000183105469,15.055000305175781,88.30000305175781
2024-09-11,65.77999877929688,15.0600004196167,87.76000213623047
2024-09-12,65.37999725341797,15.125,87.87999725341797
2024-09-13,65.08000183105469,15.220000267028809,87.5999984741211
2024-09-16,65.30000305175781,15.345000267028809,86.76000213623047
2024-09-17,64.69999694824219,15.414999961853027,86.45999908447266
2024-09-18,64.5199966430664,15.555000305175781,85.69999694824219
2024-09-19,64.63999938964844,15.694999694824219,85.4000015258789
2024-09-20,64.45999908447266,15.545000076293945,82.04000091552734
2024-09-23,64.94000244140625,15.475000381469727,82.87999725341797
2024-09-24,65.41999816894531,15.779999732971191,84.0
2024-09-25,65.0,15.765000343322754,84.36000061035156
2024-09-26,65.08000183105469,15.734999656677246,84.81999969482422
2024-09-27,65.55999755859375,16.024999618530273,85.19999694824219
2024-09-30,65.33999633789062,15.3100004196167,84.95999908447266
2024-10-01,65.30000305175781,15.454999923706055,84.91999816894531
2024-10-02,64.95999908447266,15.1850004196167,85.05999755859375
2024-10-03,64.45999908447266,15.024999618530273,83.9800033569336
2024-10-04,64.0199966430664,15.09000015258789,83.72000122070312
2024-10-07,64.4000015258789,15.385000228881836,83.62000274658203
2024-10-08,64.44000244140625,15.505000114440918,83.33999633789062
2024-10-09,64.68000030517578,15.649999618530273,83.95999908447266
2024-10-10,64.72000122070312,15.454999923706055,83.80000305175781
2024-10-11,64.91999816894531,15.0,84.0
2024-10-14,65.0999984741211,14.805000305175781,84.31999969482422
2024-10-15,65.5999984741211,15.0,83.87999725341797
2024-10-16,65.41999816894531,14.8149995803833,83.87999725341797
2024-10-17,65.13999938964844,15.149999618530273,86.0
2024-10-18,64.80000305175781,15.130000114440918,85.9800033569336
2024-10-21,64.66000366210938,15.03499984741211,86.36000061035156
2024-10-22,64.36000061035156,15.114999771118164,85.5199966430664
2024-10-23,64.0,14.975000381469727,85.37999725341797
2024-10-24,65.76000213623047,14.699999809265137,84.81999969482422
2024-10-25,65.77999877929688,14.600000381469727,84.54000091552734
2024-10-28,67.44000244140625,14.600000381469727,84.4000015258789
2024-10-29,67.05999755859375,14.5,83.05999755859375
2024-10-30,66.19999694824219,14.4399995803833,82.41999816894531
2024-10-31,65.69999694824219,14.53499984741211,81.58000183105469
2024-11-01,66.05999755859375,14.770000457763672,82.72000122070312
2024-11-04,66.19999694824219,14.885000228881836,81.77999877929688
2024-11-05,66.63999938964844,14.949999809265137,80.81999969482422
2024-11-06,65.4800033569336,14.960000038146973,79.36000061035156
2024-11-07,65.54000091552734,15.039999961853027,79.45999908447266
2024-11-08,65.5199966430664,15.079999923706055,78.9800033569336
2024-11-11,65.55999755859375,15.0,79.0199966430664
2024-11-12,64.66000366210938,14.670000076293945,78.0
2024-11-13,64.5,14.649999618530273,77.72000122070312
2024-11-14,65.27999877929688,14.664999961853027,78.73999786376953
2024-11-15,64.9800033569336,14.829999923706055,77.5199966430664
2024-11-18,64.9800033569336,14.760000228881836,78.18000030517578
2024-11-19,65.04000091552734,14.670000076293945,76.66000366210938
2024-11-20,65.16000366210938,14.609999656677246,76.5199966430664
2024-11-21,64.4800033569336,14.460000038146973,75.95999908447266
2024-11-22,65.45999908447266,14.524999618530273,76.0
2024-11-25,64.76000213623047,14.475000381469727,75.95999908447266
2024-11-26,64.27999877929688,14.414999961853027,75.83999633789062
2024-11-27,64.54000091552734,14.579999923706055,76.36000061035156
2024-11-28,64.69999694824219,14.555000305175781,76.63999938964844
2024-11-29,64.66000366210938,14.399999618530273,76.4800033569336
2024-12-02,64.83999633789062,13.710000038146973,76.5999984741211
2024-12-03,64.80000305175781,13.859999656677246,76.5999984741211
2024-12-04,64.73999786376953,14.029999732971191,76.36000061035156
2024-12-05,64.9800033569336,14.050000190734863,75.95999908447266
2024-12-06,64.86000061035156,14.145000457763672,75.76000213623047
2024-12-09,64.30000305175781,14.414999961853027,75.5999984741211
2024-12-10,64.16000366210938,14.1899995803833,74.45999908447266
2024-12-11,64.76000213623047,14.055000305175781,74.81999969482422
2024-12-12,65.0,14.09000015258789,74.9000015258789
2024-12-13,65.23999786376953,14.029999732971191,75.18000030517578
2024-12-16,65.37999725341797,13.805000305175781,74.45999908447266
2024-12-17,64.94000244140625,13.739999771118164,75.22000122070312
2024-12-18,64.31999969482422,13.765000343322754,74.0999984741211
2024-12-19,64.44000244140625,13.550000190734863,74.19999694824219
2024-12-20,64.08000183105469,13.475000381469727,73.9800033569336
2024-12-23,64.22000122070312,13.385000228881836,74.08000183105469
2024-12-24,64.05999755859375,13.515000343322754,
2024-12-27,64.77999877929688,13.625,74.41999816894531
2024-12-30,64.5,13.5649995803833,74.87999725341797
2024-12-31,65.12000274658203,13.729999542236328,
2025-01-02,64.87999725341797,13.664999961853027,
2025-01-03,64.73999786376953,13.53499984741211,74.69999694824219
2025-01-06,64.54000091552734,13.770000457763672,74.0199966430664
2025-01-07,65.54000091552734,13.8149995803833,74.94000244140625
2025-01-08,64.76000213623047,13.8149995803833,75.36000061035156
2025-01-09,65.55999755859375,13.729999542236328,75.12000274658203
2025-01-10,64.4000015258789,13.694999694824219,74.04000091552734
2025-01-13,63.97999954223633,13.875,74.23999786376953
2025-01-14,63.70000076293945,13.979999542236328,74.16000366210938
2025-01-15,64.13999938964844,14.199999809265137,73.66000366210938
2025-01-16,64.45999908447266,14.039999961853027,73.9000015258789
2025-01-17,65.0199966430664,13.345000267028809,74.19999694824219
2025-01-20,65.44000244140625,13.539999961853027,74.45999908447266
2025-01-21,65.41999816894531,13.470000267028809,74.73999786376953
2025-01-22,65.16000366210938,13.145000457763672,74.18000030517578
2025-01-23,65.04000091552734,13.225000381469727,74.69999694824219
2025-01-24,64.94000244140625,13.300000190734863,74.68000030517578
2025-01-27,66.4000015258789,13.520000457763672,77.55999755859375
2025-01-28,67.44000244140625,13.675000190734863,78.18000030517578
2025-01-29,66.94000244140625,13.699999809265137,78.27999877929688
2025-01-30,67.87999725341797,13.930000305175781,78.68000030517578
2025-01-31,67.4800033569336,13.6899995803833,77.4800033569336
2025-02-03,66.5199966430664,13.6899995803833,77.86000061035156
2025-02-04,65.41999816894531,13.765000343322754,77.45999908447266
2025-02-05,65.68000030517578,13.760000228881836,77.26000213623047
2025-02-06,66.22000122070312,13.875,77.5
2025-02-07,66.9000015258789,13.960000038146973,77.5
2025-02-10,66.63999938964844,13.864999771118164,77.36000061035156
2025-02-11,66.5999984741211,13.680000305175781,78.19999694824219
2025-02-12,67.19999694824219,13.609999656677246,78.77999877929688
2025-02-13,66.86000061035156,13.824999809265137,83.68000030517578
2025-02-14,67.16000366210938,13.875,82.4800033569336
2025-02-17,68.0199966430664,13.970000267028809,82.41999816894531
2025-02-18,67.77999877929688,13.789999961853027,82.37999725341797
2025-02-19,67.87999725341797,13.704999923706055,82.5
2025-02-20,68.19999694824219,12.494999885559082,82.33999633789062
2025-02-21,68.4800033569336,12.510000228881836,85.0999984741211
2025-02-24,69.86000061035156,12.9399995803833,87.77999877929688
2025-02-25,69.5199966430664,12.899999618530273,89.0199966430664
2025-02-26,69.16000366210938,12.824999809265137,87.5999984741211
2025-02-27,68.41999816894531,12.795000076293945,87.04000091552734
2025-02-28,68.86000061035156,12.805000305175781,87.12000274658203
2025-03-03,68.87999725341797,12.550000190734863,88.5999984741211
2025-03-04,72.33999633789062,12.670000076293945,89.76000213623047
2025-03-05,70.73999786376953,12.729999542236328,88.12000274658203
2025-03-06,70.44000244140625,13.0600004196167,87.86000061035156
2025-03-07,71.81999969482422,13.029999732971191,89.72000122070312
2025-03-10,72.33999633789062,13.319999694824219,90.5
2025-03-11,71.37999725341797,13.005000114440918,88.5999984741211
